Student_ID,Student_Name,Age,Gender,Grade_level,Desk_ID
1001,Gill  Timothy,16,Male,12th Grade,101
1002,Declan Tompson,17,Male,12th Grade,102
1003,Sofia Akeyo,16,Female,12th Grade,103
1004,Mohammed Ibrahim,17,Male,12th Grade,104
1005,Daniel Adams,17,Male,12th Grade,105
1006,Miriam Jackson,17,Female,12th Grade,106
1007,Adaugo Joseph,17,Female,12th Grade,107
1008,Ivan Dubravka,18,Male,12th Grade,108
1009,Antonela Lewis,19,Female,12th Grade,109
1010,Emre Yildiz,17,Male,12th Grade,110
1011,Anyango Benjamin,17,Male,12th Grade,111
1012,Philip Aluna,18,Male,12th Grade,112
1013,Alejandro Manuel,20,Male,12th Grade,113
1014,Hassan Emin,17,Male,12th Grade,114
1015,Tucker Thompson,17,Female,12th Grade,115
1016,Jerry Coleman,17,Male,12th Grade,116
1017,Adam Fisher,17,Male,12th Grade,117
1018,Kenny McGraw,18,Male,12th Grade,118
1019,Eduardo Jenkins,18,Female,12th Grade,119
1020,Kimberly Terry,19,Female,12th Grade,120
1021,Mary Adams,15,Female,12th Grade,121
1022,Murphy Jacobs,16,Male,12th Grade,122
1023,Adekanbi Philips,17,Male,12th Grade,123
1024,Jennifer Dean,17,Female,12th Grade,124
1025,Kehinde Philips,17,Female,12th Grade,125
1026,Christopher Mendy,17,Male,12th Grade,126
1027,Timothy Jacobs,17,Male,12th Grade,127
1028,Gilbert Eden ,18,Male,12th Grade,128
1029,Elijah Ryan,19,Male,12th Grade,129
1030,Antonio Jakov,18,Male,12th Grade,130
1031,Amahle Caleb,17,Female,12th Grade,131
1032,Aylin Zehra,18,Female,12th Grade,132
1033,Barasa Michael,18,Male,12th Grade,133
1034,Penelope Joseph,17,Female,12th Grade,134
1035,Arthur Noam,17,Male,12th Grade,135
1036,Emily Adams,17,Female,12th Grade,136
1037,Tony Jason,17,Male,12th Grade,137
1038,Rutherford  Xavier,17,Male,12th Grade,138
1039,Tamelka James,17,Female,12th Grade,139
1040,Bradely Anjorin,17,Male,12th Grade,140
1041,Diego Antonio,18,Male,12th Grade,141
1042,Aurora Andres,19,Female,12th Grade,142
1043,Oliver David,18,Male,12th Grade,143
1044,Timothy Arthur,18,Male,12th Grade,144
1045,Melo Garcia,18,Male,12th Grade,145
1046,Chloe Salma,16,Female,12th Grade,146
1047,McGregor Vesna,15,Male,12th Grade,147
1048,Fatima Adebowale,17,Female,12th Grade,148
1049,Kelvin Bradely,16,Male,12th Grade,149
1050,Tina Isla,17,Female,12th Grade,150
1051,Rory Campbell,17,Female,12th Grade,151
1052,David Jason,18,Male,12th Grade,152
1053,Jackson Darius,17,Male,12th Grade,153
1054,Creg  Mclean,17,Male,12th Grade,154
1055,Rasheeda Abdullah,17,Female,12th Grade,155
1056,Hamlet Bills,18,Female,12th Grade,156
1057,Martin Wayne,18,Male,12th Grade,157
1058,Tony Adisa,18,Male,12th Grade,158
1059,Amari Michele,17,Female,12th Grade,159
1060,Tiana Kelvin,17,Female,12th Grade,160
1061,Mary Brodwick,17,Female,12th Grade,161
1062,Sofia Jason,17,Female,12th Grade,162
1063,Hailey Richardson,19,Female,12th Grade,163
1064,Ana Hugo,15,Female,12th Grade,164
1065,Javier Jacob,16,Male,12th Grade,165
1066,Benjamin  Leo,17,Male,12th Grade,166
1067,Amelia Samuel,17,Female,12th Grade,167
1068,Jamal Ogheneochuko  ,18,Male,12th Grade,168
1069,Ethan Archie,16,Male,12th Grade,169
1070,Ruth Clifford,17,Female,12th Grade,170
1071,Esther Fransisco,17,Female,12th Grade,171
1072,Alvaro Lucija,17,Male,12th Grade,172
1073,Luka Antonijo,17,Male,12th Grade,173
1074,Adaora Pedro,17,Female,12th Grade,174
1075,Johnny Tielemans,18,Male,12th Grade,175
1076,Jackson Vardy,17,Male,12th Grade,176
1077,Jason Weah,18,Male,12th Grade,177
1078,Ema Joseph,19,Female,12th Grade,178
1079,Jack Adams,18,Male,12th Grade,179
1080,Henry Thiago,19,Male,12th Grade,180
1081,Samantha Freeman,17,Female,12th Grade,181
1082,Arjun Darsh,17,Male,12th Grade,182
1083,Ali Hamza,17,Male,12th Grade,183
1084,Aluna Blair,17,Female,12th Grade,184
1085,Dwayne Kesington,18,Male,12th Grade,185
1086,Nevaeh Jackson,16,Female,12th Grade,186
1087,Leonard  Branka,17,Male,12th Grade,187
1088,Zahra Samuel,18,Female,12th Grade,188
1089,Jaya Anika,15,Female,12th Grade,189
1090,Habiba Khadija,17,Female,12th Grade,190
1091,David Fernando,20,Male,12th Grade,191
1092,Charlie Blackson,17,Male,12th Grade,192
1093,Malik Baris,17,Male,12th Grade,193
1094,Mustafa  Jamal,17,Male,12th Grade,194
1095,Jenny Jacob,18,Female,12th Grade,195
1096,Tonia Aria,19,Female,12th Grade,196
1097,Miranda Philips,18,Female,12th Grade,197
1098,Blake Cole,17,Male,12th Grade,198
1099,Mina Branka,16,Female,12th Grade,199
1100,Elizabeth Coleman,18,Female,12th Grade,200
1101,Creg Adin,18,Male,12th Grade,201
1102,Scarlett Freeman,17,Female,12th Grade,202
1103,Mia Blago,18,Female,12th Grade,203
1104,Lian Ming,18,Female,12th Grade,204
1105,David Galip,18,Male,12th Grade,205
1106,Baris Ali,17,Male,12th Grade,206
1107,Amina Adam,19,Female,12th Grade,207
1108,Jia Chen,19,Female,12th Grade,208
1109,Maria Adams,19,Female,12th Grade,209
1110,Lucas Johnson,17,Male,12th Grade,210
1111,Karalo Jones,17,Male,12th Grade,211
1112,Sonia Adrew,17,Female,12th Grade,212
1113,Stella Blair,17,Female,12th Grade,213
1114,Mateo Davies,17,Male,12th Grade,214
1115,Duncan Rory,17,Male,12th Grade,215
1116,Stacey Lucas,20,Female,12th Grade,216
1117,Oliver Borna,19,Male,12th Grade,217
1118,Jenny Cameron,18,Female,12th Grade,218
1119,Chiamaka Chibuike,18,Female,12th Grade,219
1120,Adams Gilbert,18,Male,12th Grade,220
1121,Jeffery Altan,19,Male,12th Grade,221
1122,Joe Edward,17,Male,12th Grade,222
1123,Roberts Michael,17,Male,12th Grade,223
1124,Diana Sim,17,Female,12th Grade,224
1125,Vivi James,17,Female,12th Grade,225
1126,Joe Fisher,17,Male,12th Grade,226
1127,Hugo Benjamin,17,Male,12th Grade,227
1128,Charity Samuel,17,Female,12th Grade,228
1129,Jason Fletcher,17,Male,12th Grade,229
1130,Chritiana Mary,17,Female,12th Grade,230
1131,Kenneth Jackson,17,Male,12th Grade,231
1132,Xavier Antonio,17,Male,12th Grade,232
1133,Darius Samuel,17,Male,12th Grade,233
1134, Parvati Ananya,17,Male,12th Grade,234
1135,Arya William,17,Female,12th Grade,235
1136,Johnny Adams,17,Male,12th Grade,236
1137,Emily Fang,17,Female,12th Grade,237
1138,Anna Stewart,17,Female,12th Grade,238
1139,Jenifer Brown,17,Female,12th Grade,239
1140,Lucia Mendes,18,Female,12th Grade,240
1141,Gabriela Carlos,18,Female,12th Grade,241
1142,George Edward,18,Male,12th Grade,242
1143,Thandiwe Jacobs,18,Female,12th Grade,243
1144,Abraham Weah,18,Male,12th Grade,244
1145,Levi Mac-Edwards,19,Male,12th Grade,245
1146,Philip Henry,20,Male,12th Grade,246
1147,Rachel Isaac,18,Female,12th Grade,247
1148,Fransisco Ivan,17,Male,12th Grade,248
1149,Asha Miguel,17,Female,12th Grade,249
1150,Lionel Wayne,17,Male,12th Grade,250
1151,Drew Gilbert,17,Male,12th Grade,251
1152,Fernando Pablo,17,Male,12th Grade,252
1153,Isabella David,17,Female,12th Grade,253
1154,Oscar Brodie,16, Male,12th Grade,254
1155,Graham Fraser,18,Male,12th Grade,255
1156,Alexander Bonnie,17,Male,12th Grade,256
1157,Hana Anthony,17,Female,12th Grade,257
1158,Jada Jackson,17,Female,12th Grade,258
1159,Mary Dominique,17,Female,12th Grade,259
1160,Serena Carter,17,Female,12th Grade,260
1161,Akio Hikaru,17,Male,12th Grade,261
1162,Olivia Abidemi,17,Female,12th Grade,262
1163,Omar Abdul,17,Male,12th Grade,263
1164,Hadil Jamal,17,Male,12th Grade,264
1165,Timmy Yuki,18,Male,12th Grade,265
1166,Chang Wen,18,Male,12th Grade,266
1167,Evelyn Logan,19,Female,12th Grade,267
1168,Jack Fraser,19,Male,12th Grade,268
1169,Eleanor Malcom,18,Female,12th Grade,269
1170,Mohamed Abdellah,19,Male,12th Grade,270
1171,Elif Altan,19,Male,12th Grade,271
1172,Malcom Fraser,18,Male,12th Grade,272
1173,Luna Abraham,18,Female,12th Grade,273
1174,Stella Hong,18,Female,12th Grade,274
1175,Amir Khan,17,Male,12th Grade,275
1176,Haniya Malik,17,Female,12th Grade,276
1177,Jose Alvaro,17,Male,12th Grade,277
1178,Akello Joseph,17,Male,12th Grade,278
1179,Ariel Leah,17,Male,12th Grade,279
1180,Inaya Imani,17,Female,12th Grade,280
1181,Bruce Douglas,18,Male,12th Grade,281
1182,Jamila Abidemi,18,Female,12th Grade,282
1183,Drake Marvin,16,Male,12th Grade,283
1184,Jun Ling,17,Male,12th Grade,284
1185,Mia Daniels,18,Female,12th Grade,285
1186,Rabia Ahmed,19,Female,12th Grade,286
1187,David Arthur,17,Male,12th Grade,287
1188,Angela Dwayne,18,Female,12th Grade,288
1189,Sean Davis,17,Male,12th Grade,289
1190,Isaac Pedro,17,Male,12th Grade,290
1191,Juan Douglas,17,Male,12th Grade,291
1192,Kemi Darius,18,Female,12th Grade,292
1193,Dominic Asuka,17,Male,12th Grade,293
1194,Emily Alexander,18,Female,12th Grade,294
1195,Santiago Carlos,18,Male,12th Grade,295
1196,Akira Hinata,17,Female,12th Grade,296
1197,Cora Lethabo,18,Female,12th Grade,297
1198,Alice Scott,17,Female,12th Grade,298
1199,Ethan Williams,18,Male,12th Grade,299
